"","e1","e2","e5","e8","e9","e10","e16","e17","e21","e22"
"1",76,86,83,82,89,77,90,89,76,78
"2",100,100,97,94,100,99,99,86,100,93
"3",100,100,100,70,NA,100,50,92,98,32
"4",100,85,87,87,100,100,81,100,82,70
"5",70,69,88,82,56,57,80,83,76,92
"6",100,100,100,100,100,100,100,100,100,81
"7",100,100,82,88,100,100,83,84,99,69
"8",97,84,100,98,96,96,100,100,92,98
"9",100,100,100,100,100,100,100,100,100,100
"10",94,80,91,61,56,54,62,59,NA,58
"11",100,100,93,85,100,100,51,85,97,82
"12",100,100,100,100,100,100,100,100,97,100
"13",100,100,100,100,100,100,100,87,100,54
"14",100,100,62,78,100,100,53,100,68,59
"15",100,92,64,72,83,82,72,75,72,63
"16",78,79,78,93,100,100,100,100,99,42
"17",60,83,40,71,87,73,67,68,58,NA
"18",87,82,79,77,98,78,86,84,66,84
"19",96,91,83,72,88,65,68,62,78,67
"20",51,49,51,78,50,51,37,81,50,30
"21",78,82,57,62,84,58,70,74,64,71
"22",100,100,76,67,100,100,58,91,90,61
"23",98,51,97,97,99,98,51,97,98,96
"24",95,95,89,84,98,94,75,93,89,65
"25",79,96,99,100,100,93,100,100,97,95
"26",92,91,77,83,90,91,89,94,87,91
"27",54,52,89,85,69,75,77,85,50,51
"28",66,77,53,61,78,81,86,81,76,63
"29",98,100,100,100,100,100,68,56,100,100
"30",91,94,79,96,100,100,96,94,91,52
"31",100,100,92,89,100,42,16,79,100,1
"32",73,81,74,74,85,87,80,84,82,78
"33",100,100,32,85,82,67,70,87,80,21
"34",95,93,99,91,100,95,92,98,95,100
"35",82,100,79,74,94,97,85,97,71,88
"36",100,100,71,62,100,100,1,77,77,1
"37",75,100,94,90,100,100,79,100,83,50
"38",100,94,100,100,100,100,100,93,92,92
"39",94,96,93,87,99,94,86,90,93,100
"40",97,100,90,93,100,100,51,96,91,20
"41",80,85,81,83,83,78,84,56,59,49
"42",100,100,56,71,50,50,50,50,100,50
"43",100,100,54,83,100,91,89,87,93,91
"44",38,51,43,50,100,100,23,50,46,85
"45",98,100,88,99,98,99,89,93,100,99
"46",98,96,95,95,97,96,93,79,93,36
"47",88,71,80,97,NA,100,69,100,35,54
"48",78,62,63,73,56,49,51,69,81,54
"49",75,50,72,70,72,76,60,69,65,72
"50",87,85,92,80,88,89,89,89,91,66
"51",64,66,64,71,71,64,61,58,67,57
"52",95,97,87,93,99,88,93,96,86,78
"53",64,81,100,90,100,100,96,100,100,25
"54",100,100,33,35,100,94,35,89,88,67
"55",96,79,89,100,98,99,88,93,100,100
"56",82,63,54,51,81,76,66,73,71,61
"57",100,100,71,61,100,100,55,71,73,81
"58",84,77,81,50,73,70,77,61,46,54
"59",100,100,100,88,100,100,79,100,100,81
"60",83,72,86,67,89,82,74,95,68,87
"61",100,100,87,73,94,41,91,93,100,89
"62",100,96,89,100,100,100,65,90,84,71
"63",100,100,100,77,100,100,64,100,85,63
"64",100,100,78,79,89,73,41,100,85,92
"65",99,99,98,98,99,99,56,99,99,83
"66",100,100,90,78,100,96,55,67,54,89
"67",100,100,73,71,76,57,18,72,100,29
"68",77,80,87,78,100,50,56,86,50,61
"69",100,95,94,95,100,100,100,100,93,97
"70",100,100,89,96,97,78,86,89,97,77
"71",93,100,92,88,100,92,85,100,93,89
"72",54,55,56,55,59,59,53,62,60,56
"73",65,65,51,51,53,53,54,53,53,51
"74",92,95,79,89,76,75,76,74,71,NA
"75",100,100,100,78,100,84,80,100,100,77
"76",93,100,94,67,100,72,86,86,92,63
"77",95,100,76,80,100,100,92,95,77,77
"78",100,100,80,100,100,100,100,100,100,100
"79",71,85,73,86,95,99,44,77,80,33
"80",100,100,100,96,100,82,100,100,100,100
"81",99,82,60,59,80,62,53,58,64,77
"82",97,98,95,88,96,87,67,93,91,NA
"83",98,96,85,77,98,100,92,91,94,80
"84",90,90,96,96,100,100,96,96,92,97
"85",68,77,66,59,73,66,60,89,NA,NA
"86",99,100,100,100,100,100,100,100,100,87
"87",96,96,97,97,96,97,97,96,97,97
"88",85,93,79,81,98,89,66,88,77,50
"89",75,81,64,64,96,91,75,92,88,60
"90",100,99,95,76,100,98,98,98,95,95
"91",97,96,85,86,100,100,83,90,88,50
"92",83,90,84,69,100,83,84,100,NA,84
"93",NA,NA,99,100,100,85,60,99,89,NA
"94",99,100,100,100,100,100,100,100,100,100
"95",91,93,66,50,50,83,24,50,50,63
"96",98,97,95,93,99,99,92,93,89,76
"97",63,63,59,67,60,71,63,66,67,65
"98",100,100,100,100,100,33,100,100,100,2
"99",62,55,55,56,66,61,52,55,61,56
"100",78,64,70,69,65,71,70,84,61,63
"101",93,92,84,80,88,94,NA,93,90,87
"102",88,71,47,52,65,66,43,41,56,66
"103",91,85,77,68,100,97,58,85,69,64
"104",96,88,30,35,77,79,24,82,83,52
"105",72,100,77,70,97,93,68,92,42,91
"106",100,100,100,100,100,100,100,100,100,50
"107",100,98,99,100,100,100,99,96,100,99
"108",100,100,78,85,94,77,2,97,68,29
"109",94,96,30,37,82,NA,NA,88,91,51
"110",100,100,100,100,100,96,100,100,96,100
"111",96,96,87,89,88,97,84,91,94,93
"112",100,100,100,100,100,100,44,100,100,100
"113",100,100,100,93,100,100,100,100,100,100
"114",77,77,56,67,86,84,55,59,73,43
"115",100,100,100,100,100,100,100,100,100,100
"116",77,88,57,65,88,53,66,61,75,37
"117",43,100,73,NA,NA,NA,NA,86,NA,NA
"118",69,65,71,55,73,67,51,71,51,59
"119",99,95,100,100,100,93,94,97,96,86
"120",89,76,65,80,100,97,41,57,87,67
"121",85,100,88,85,100,85,73,100,95,66
"122",91,100,94,94,100,100,93,100,90,87
"123",89,83,41,74,77,73,62,68,64,53
"124",100,100,73,94,100,100,33,100,93,45
"125",61,NA,70,81,100,100,79,73,66,69
"126",89,93,77,85,87,86,77,81,70,82
"127",100,100,61,44,59,81,59,84,100,51
"128",100,100,55,53,91,63,63,75,87,70
"129",100,100,100,100,100,100,100,100,100,100
"130",82,77,91,93,84,100,100,100,89,100
"131",94,100,91,100,100,100,100,100,95,100
"132",94,97,80,82,100,100,90,96,82,94
"133",100,100,91,95,100,99,94,100,84,96
"134",41,72,79,81,73,65,57,53,95,84
"135",94,91,62,83,95,51,52,76,87,80
"136",65,66,63,71,52,67,79,51,56,66
"137",82,100,65,50,66,68,64,79,64,61
"138",84,95,NA,87,89,100,NA,83,90,NA
"139",84,82,87,81,96,91,76,78,88,69
"140",100,100,97,100,100,100,85,100,94,77
"141",82,66,79,50,88,84,50,78,83,80
"142",62,64,61,61,73,82,56,64,66,54
"143",33,92,50,62,NA,NA,NA,NA,NA,50
"144",84,36,100,92,100,99,100,100,100,100
"145",100,100,95,100,96,94,92,98,98,96
"146",95,100,95,98,100,100,98,100,100,74
"147",100,100,83,88,100,100,95,100,94,87
"148",88,91,NA,NA,90,94,NA,34,28,NA
"149",59,89,44,82,90,73,58,81,61,68
"150",100,100,5,1,100,100,100,100,100,1
"151",100,100,100,71,100,100,100,100,100,NA
"152",80,78,69,74,84,73,74,60,54,59
"153",98,96,63,60,87,97,50,98,44,77
"154",100,100,51,51,100,81,2,51,82,3
"155",91,100,68,55,100,57,55,85,65,44
"156",93,100,83,74,99,98,76,32,66,79
"157",72,80,50,50,100,100,62,100,50,50
"158",100,100,100,100,100,100,50,100,100,66
"159",94,95,70,86,86,89,90,86,96,89
"160",90,100,84,82,92,86,73,100,100,68
"161",96,98,100,100,94,98,24,91,91,73
"162",88,79,88,85,97,95,66,65,73,84
"163",93,94,51,54,53,72,60,59,88,63
"164",84,54,96,100,100,100,75,100,100,82
"165",100,100,82,87,31,99,26,87,79,100
"166",95,100,84,92,86,100,100,37,94,100
"167",91,92,85,79,94,95,79,81,89,50
"168",100,100,88,81,100,92,45,100,100,33
"169",98,98,82,75,92,91,78,70,50,98
"170",100,100,64,62,100,100,93,97,88,100
"171",100,100,100,100,100,100,100,100,100,29
"172",76,91,75,83,100,100,81,100,53,87
"173",91,89,70,63,94,64,71,67,81,71
"174",79,81,70,82,89,97,50,69,80,65
"175",40,97,53,53,98,44,56,83,50,46
"176",100,100,66,74,100,100,86,84,94,68
"177",90,89,94,86,92,87,82,84,86,63
"178",100,100,100,94,100,100,100,82,82,100
"179",99,100,77,75,100,100,52,100,79,63
"180",84,98,51,50,100,100,35,79,53,75
"181",95,97,96,95,97,98,89,94,65,90
"182",100,100,54,100,100,100,55,88,100,50
"183",92,89,80,79,89,72,100,100,76,76
"184",50,50,NA,NA,50,50,NA,NA,50,50
"185",53,65,44,39,100,100,32,81,50,100
"186",100,100,100,100,100,100,100,100,100,100
"187",97,100,77,85,94,100,86,74,47,NA
"188",76,65,55,48,85,58,NA,50,67,NA
"189",100,100,59,55,80,100,36,85,63,55
"190",94,94,92,86,74,91,96,98,96,89
"191",100,100,100,100,NA,100,100,100,100,NA
"192",96,98,96,98,98,98,50,96,97,98
"193",60,96,57,83,78,52,56,55,74,46
"194",100,71,100,100,100,100,50,100,100,50
"195",100,100,100,100,100,100,100,100,100,100
"196",100,100,100,100,100,100,100,100,100,100
"197",72,92,82,85,92,80,97,96,80,70
"198",100,100,100,100,100,100,23,29,100,100
"199",99,100,100,99,100,100,74,95,95,60
"200",74,83,75,73,98,80,75,76,62,59
"201",88,100,NA,NA,100,100,55,100,78,53
"202",95,86,59,69,79,94,69,63,64,62
"203",97,93,89,87,93,90,78,92,87,87
"204",100,100,100,100,100,100,63,100,91,100
"205",100,100,100,100,100,100,78,100,100,100
"206",60,76,63,50,56,30,22,73,69,76
"207",83,71,56,67,75,77,53,52,53,76
"208",94,95,50,80,98,97,41,60,71,39
"209",74,72,50,87,99,100,70,72,65,52
"210",93,100,94,97,80,98,85,100,80,100
"211",73,76,50,48,93,83,41,74,56,74
"212",90,86,81,67,76,46,75,73,96,91
"213",100,100,88,75,100,65,46,97,100,50
"214",100,94,79,83,100,85,50,86,71,72
"215",76,100,61,89,99,100,29,100,84,21
"216",83,75,91,100,92,100,54,53,100,100
"217",88,89,85,78,89,90,96,98,73,71
"218",100,100,100,91,89,89,90,90,90,71
"219",63,62,67,66,58,50,37,50,65,67
"220",39,64,100,96,64,100,100,98,100,50
"221",77,77,54,71,84,75,84,79,73,74
"222",91,25,29,57,96,83,83,83,33,64
"223",100,90,68,50,82,50,NA,86,82,50
"224",71,60,69,66,92,78,60,80,64,62
"225",100,100,100,77,100,100,33,100,100,90
"226",100,100,89,99,97,91,60,96,100,100
"227",50,100,86,61,100,64,50,81,66,57
"228",NA,NA,66,52,61,49,46,NA,NA,NA
"229",90,95,66,55,100,98,21,83,52,61
"230",35,75,74,58,100,43,36,100,91,59
"231",84,87,89,89,81,77,84,88,84,63
"232",93,100,68,69,100,100,75,91,100,45
"233",100,100,100,100,100,100,100,100,94,97
"234",61,100,50,83,100,76,63,88,50,90
"235",61,63,70,74,93,80,62,67,81,62
"236",92,100,86,84,100,100,93,84,100,90
"237",53,66,69,56,81,86,54,72,53,53
"238",98,96,89,84,74,NA,39,100,100,100
"239",97,98,92,95,95,97,81,97,96,65
"240",87,100,73,59,96,58,87,94,96,55
"241",84,100,100,100,99,89,51,100,100,51
"242",54,28,96,62,51,59,NA,64,31,95
"243",99,83,100,100,100,99,23,89,89,100
"244",NA,NA,NA,NA,NA,NA,NA,NA,NA,NA
"245",67,50,94,94,89,89,65,74,81,50
"246",100,100,53,50,100,100,100,100,100,68
"247",100,100,81,97,94,95,100,100,NA,92
"248",100,100,100,100,100,100,86,100,100,100
"249",95,97,95,97,98,97,51,96,97,98
"250",NA,NA,NA,95,100,100,NA,NA,NA,NA
"251",95,99,96,97,100,94,89,97,87,86
"252",90,85,85,86,100,100,88,95,92,100
"253",69,66,68,65,93,89,65,67,64,82
"254",100,100,99,100,100,100,100,99,93,100
"255",88,69,91,87,86,63,66,72,92,62
"256",88,79,75,84,86,88,82,85,83,77
"257",89,87,52,64,61,50,51,79,84,51
"258",100,96,100,100,100,100,27,100,100,83
"259",100,100,100,100,100,100,100,100,100,52
"260",73,85,63,66,69,99,67,50,50,50
"261",84,100,76,76,100,62,80,96,89,95
"262",100,100,100,100,99,100,97,100,100,100
"263",100,99,89,87,100,98,93,84,96,96
"264",100,100,100,100,100,100,100,100,100,100
"265",100,100,100,100,100,99,100,100,100,100
"266",84,72,67,77,95,41,69,91,82,67
"267",51,78,95,86,98,90,53,95,89,60
"268",96,100,84,76,100,100,74,86,87,69
"269",90,96,100,100,100,100,1,70,70,100
"270",77,96,74,71,94,86,54,77,64,62
"271",100,100,100,100,100,100,100,100,100,96
"272",100,100,98,100,100,100,50,100,97,50
"273",100,94,86,94,100,100,90,81,100,90
"274",100,100,100,100,100,100,50,100,100,50
"275",82,93,88,91,91,92,72,86,94,65
"276",91,94,52,51,100,99,55,51,65,48
"277",96,98,80,87,99,98,58,91,97,66
"278",100,100,93,85,100,100,65,100,100,82
"279",100,100,100,100,86,89,90,82,91,63
"280",93,91,80,73,96,86,99,90,88,76
"281",86,89,93,100,100,100,78,89,100,100
"282",2,3,7,57,49,99,98,1,1,NA
"283",86,82,73,72,79,81,74,66,80,84
"284",93,97,82,84,100,91,53,100,96,62
"285",7,6,3,5,4,4,9,21,4,5
"286",93,78,82,81,79,50,68,85,79,50
"287",94,100,85,92,100,100,100,100,73,83
"288",2,1,1,1,39,2,2,4,3,2
"289",100,100,95,100,100,94,100,100,100,85
"290",91,90,64,79,93,88,48,87,80,72
"291",88,83,100,100,100,100,58,72,100,86
"292",92,95,62,58,88,81,40,89,63,14
"293",100,100,100,100,100,100,100,100,100,100
"294",92,92,75,97,98,100,82,85,83,82
"295",100,100,100,100,100,100,90,97,100,100
"296",100,90,80,80,90,86,54,90,56,30
"297",100,100,100,90,100,100,100,100,100,100
"298",100,100,91,100,100,100,70,100,79,78
"299",32,43,20,26,47,45,33,41,24,34
"300",64,76,74,87,74,95,41,76,57,50
"301",86,90,73,82,90,95,66,67,77,81
"302",100,100,100,100,100,100,4,100,100,100
"303",99,97,47,53,100,46,98,88,82,26
"304",85,85,63,50,91,33,58,63,85,35
"305",100,100,70,51,100,100,5,100,100,81
"306",89,74,72,89,95,89,80,95,89,70
"307",92,78,64,66,84,91,69,80,73,85
"308",95,96,62,76,95,96,64,89,84,59
"309",80,58,59,56,71,55,64,61,54,58
"310",67,72,64,74,68,56,50,60,62,71
"311",85,94,67,69,90,84,65,72,51,82
"312",100,100,100,100,100,100,98,84,74,100
"313",65,76,60,64,68,80,46,73,61,62
"314",95,80,76,57,81,73,66,64,59,75
"315",97,77,61,69,100,92,78,70,78,55
"316",99,99,85,72,99,94,99,100,98,85
"317",98,97,95,67,100,100,77,NA,NA,90
"318",69,62,50,50,50,50,50,66,50,32
"319",95,100,NA,99,100,100,69,100,94,92
"320",100,100,60,83,100,100,15,65,92,44
"321",98,98,91,96,96,92,51,97,71,69
"322",50,71,67,50,74,62,70,50,50,50
"323",57,59,57,53,57,60,57,56,56,55
"324",100,100,100,100,100,100,97,100,75,99
"325",97,98,97,73,70,41,50,73,64,26
"326",91,88,59,63,86,90,85,74,76,70
"327",100,100,69,63,100,100,64,60,73,58
"328",100,100,87,72,100,100,85,98,100,100
"329",100,100,100,99,100,100,100,100,100,100
"330",59,84,58,36,100,99,54,74,100,54
"331",91,100,86,61,74,79,NA,87,97,75
"332",85,86,69,50,73,50,50,56,78,50
"333",100,99,54,77,50,55,69,71,53,55
"334",37,43,40,65,70,74,54,89,54,NA
"335",100,100,100,100,100,100,78,90,100,100
"336",85,65,58,60,48,40,26,15,53,14
"337",100,100,97,100,97,96,72,94,92,100
"338",100,100,88,68,99,91,96,85,90,100
"339",57,75,41,50,40,41,22,39,51,50
"340",100,87,100,100,100,100,84,100,100,100
"341",73,82,83,76,100,91,79,100,56,78
"342",99,98,71,78,100,98,100,100,95,65
"343",100,88,83,91,94,94,78,100,50,56
"344",NA,NA,50,50,52,50,50,50,NA,37
"345",78,100,95,88,85,89,14,100,100,NA
"346",100,100,100,99,100,100,27,75,100,100
"347",96,95,94,95,100,100,96,97,87,NA
"348",100,99,89,100,90,100,2,97,93,69
"349",84,100,77,72,97,100,36,76,50,93
"350",100,100,76,60,80,54,62,56,72,52
"351",30,54,84,80,83,74,NA,64,63,57
"352",54,56,63,60,74,74,59,77,50,79
"353",50,59,83,60,100,100,39,100,42,47
"354",93,96,91,90,87,80,75,85,100,66
"355",100,100,84,80,100,95,69,100,100,81
"356",80,83,66,76,97,80,63,84,80,NA
"357",48,51,58,51,68,53,59,57,62,60
"358",85,92,73,75,94,66,56,92,75,55
"359",61,59,57,41,54,NA,22,42,66,26
"360",64,55,61,NA,50,67,64,62,69,38
"361",100,100,100,100,100,100,81,100,100,36
"362",100,100,100,100,100,100,99,100,100,100
"363",100,100,50,67,100,100,27,89,100,32
"364",100,100,NA,77,100,100,100,100,100,50
"365",50,52,50,51,67,51,50,69,68,50
"366",100,99,73,77,100,100,91,73,87,95
"367",100,98,65,56,88,82,57,87,92,29
"368",50,100,100,50,NA,NA,NA,3,3,50
"369",53,100,84,88,90,100,55,62,100,43
"370",88,33,21,51,70,79,64,62,50,19
"371",97,95,96,79,85,100,76,86,96,53
"372",97,98,97,96,84,83,84,97,98,95
"373",50,50,77,76,50,100,100,100,77,100
"374",100,100,100,NA,100,100,50,100,100,22
"375",100,99,100,100,100,100,100,100,73,100
"376",78,84,74,65,80,78,72,72,70,84
"377",73,42,38,33,50,35,28,33,65,40
"378",93,91,94,93,100,99,33,88,97,88
"379",83,86,100,100,100,100,100,100,90,43
"380",83,27,71,74,90,46,45,28,65,47
"381",100,100,75,54,99,100,84,74,68,100
"382",99,50,50,50,77,50,20,82,74,72
"383",100,100,100,100,100,100,100,100,100,100
"384",83,94,79,83,87,88,76,81,80,85
"385",100,100,95,96,100,93,100,100,96,83
"386",100,100,100,100,100,97,100,100,100,100
"387",91,93,86,88,93,89,70,92,94,86
"388",NA,NA,NA,NA,NA,NA,98,100,NA,NA
"389",82,84,67,68,83,97,70,71,76,75
"390",63,80,100,100,100,100,NA,100,100,NA
"391",100,100,87,87,100,100,99,54,100,100
"392",100,74,70,69,88,100,83,75,78,56
"393",100,100,NA,NA,100,83,60,80,86,87
"394",100,100,88,89,100,100,87,88,100,68
"395",34,46,77,79,91,86,91,44,82,71
"396",72,100,100,100,80,NA,79,100,100,87
"397",94,92,91,92,100,83,74,95,87,67
"398",87,84,59,69,88,82,56,69,77,68
"399",94,95,92,83,95,100,75,95,91,91
"400",100,100,100,100,100,100,100,100,100,96
"401",89,90,81,75,85,89,84,83,85,82
"402",81,85,68,67,66,85,38,79,63,51
"403",79,84,50,77,92,89,75,92,89,50
"404",100,100,79,70,100,100,65,92,79,79
"405",67,64,76,70,99,97,82,80,68,94
"406",100,92,90,89,100,86,88,75,88,80
"407",100,100,30,50,100,36,82,61,93,24
"408",79,87,55,65,69,56,60,94,72,85
"409",95,96,76,68,69,70,41,72,89,78
"410",70,80,67,70,66,98,57,85,71,88
"411",100,100,100,100,100,100,58,100,100,71
"412",38,71,33,26,100,100,34,49,62,34
"413",83,74,41,43,80,100,27,33,10,25
"414",70,76,38,50,86,45,1,22,22,33
"415",100,98,94,89,94,82,93,100,89,86
"416",100,100,98,98,99,100,89,100,95,97
"417",84,97,87,68,90,NA,83,82,84,100
"418",100,96,88,97,94,96,72,80,51,94
"419",100,100,100,93,100,100,100,100,100,100
"420",72,75,55,54,75,79,77,67,46,51
"421",85,78,62,65,99,57,76,94,67,94
"422",84,80,90,100,88,90,57,44,73,55
"423",100,100,100,62,82,90,57,91,94,60
"424",100,95,83,73,92,97,26,100,99,30
"425",92,85,86,68,81,76,54,75,59,74
"426",100,95,100,100,100,97,30,92,93,69
"427",100,100,100,95,100,100,91,100,100,82
"428",100,98,83,87,100,100,50,62,65,30
"429",87,50,50,80,85,90,50,81,89,50
"430",92,90,89,81,100,95,77,91,78,89
"431",100,98,99,56,99,99,97,99,100,62
"432",77,99,70,59,90,96,60,91,99,90
"433",83,85,66,89,88,88,70,85,92,61
"434",100,100,100,100,99,100,100,100,100,51
"435",97,99,72,50,94,97,88,84,75,80
"436",49,49,52,55,54,57,52,53,52,NA
"437",84,89,86,39,93,86,21,77,84,26
"438",76,72,72,71,89,86,81,87,94,68
"439",80,83,52,89,100,94,53,100,92,94
"440",73,81,71,50,91,96,61,85,73,86
"441",69,53,64,70,97,93,70,75,71,58
"442",100,100,92,95,98,97,69,100,92,89
"443",61,60,72,69,62,63,57,64,63,58
"444",85,86,80,68,73,50,37,81,76,65
"445",83,74,80,91,86,90,75,57,85,73
"446",100,100,100,100,94,100,77,88,100,100
"447",79,89,77,70,100,95,65,83,61,59
"448",100,100,86,85,NA,NA,94,94,89,65
"449",88,85,86,100,100,100,55,100,68,100
"450",100,100,50,88,100,100,100,100,100,100
"451",92,73,65,53,92,80,44,57,91,86
"452",89,88,67,78,92,66,70,80,82,70
"453",97,95,54,50,83,100,73,78,56,50
"454",43,50,50,50,50,50,33,50,50,37
"455",NA,NA,NA,NA,NA,NA,50,50,NA,50
"456",97,98,81,89,95,93,28,76,85,78
"457",96,91,71,82,94,62,79,99,96,60
"458",85,100,100,88,100,100,100,100,100,100
"459",100,92,86,86,81,66,55,83,90,52
"460",51,88,51,61,75,62,39,62,56,35
"461",88,97,50,99,50,100,89,97,100,14
"462",7,10,42,17,93,9,38,86,27,19
"463",89,100,78,42,70,46,12,79,86,29
"464",86,83,85,92,97,75,88,84,74,69
"465",87,92,81,67,94,50,83,93,88,50
"466",100,100,86,88,100,88,34,100,83,72
"467",100,100,100,89,100,100,90,100,96,70
"468",96,100,59,92,97,92,70,89,97,75
"469",90,93,71,88,91,85,33,84,93,33
"470",99,97,89,95,69,79,85,90,70,95
"471",84,72,72,74,96,94,76,77,28,86
"472",93,92,91,90,68,79,92,92,88,89
"473",100,100,100,100,100,100,100,100,100,100
"474",52,47,37,30,36,35,42,46,48,33
"475",61,63,63,58,81,81,63,65,68,72
"476",100,100,100,100,100,100,100,100,100,100
"477",100,100,100,100,100,100,100,100,100,100
"478",100,100,87,85,100,59,82,100,64,84
"479",100,100,100,NA,100,100,41,100,90,88
"480",50,51,NA,NA,NA,NA,50,50,NA,50
"481",98,96,77,94,99,99,91,98,94,71
"482",100,100,100,100,100,100,100,100,100,88
"483",93,86,80,96,100,89,85,77,50,71
"484",100,100,90,83,100,100,55,100,96,100
"485",100,100,83,79,100,100,91,95,70,100
"486",100,100,100,100,100,100,68,100,100,37
"487",97,79,83,88,81,83,57,36,71,68
"488",50,31,100,100,87,87,100,100,100,100
"489",100,100,100,100,100,100,100,100,100,100
"490",99,100,99,99,99,99,100,100,88,99
"491",100,100,100,100,100,97,18,100,100,27
"492",95,92,92,91,96,92,94,94,93,98
"493",93,100,89,92,64,60,52,92,93,67
"494",50,52,51,47,67,61,44,59,47,50
"495",96,81,66,69,100,98,35,67,61,33
"496",NA,NA,NA,NA,NA,NA,82,82,NA,NA
"497",95,96,83,83,97,100,87,56,93,73
"498",100,100,65,100,86,100,68,83,77,88
"499",49,100,100,50,100,100,100,100,92,78
"500",97,95,99,96,97,93,100,100,100,82
"501",86,90,93,75,88,88,87,84,85,79
"502",73,74,60,70,88,86,62,73,66,68
"503",64,87,62,50,90,86,50,83,80,72
"504",100,97,77,91,93,100,83,91,90,60
"505",100,100,75,93,100,100,100,100,100,100
"506",100,100,99,99,100,100,100,100,100,99
"507",75,78,67,67,100,75,81,76,79,63
"508",99,99,85,89,94,96,68,90,78,68
"509",100,100,50,50,51,76,50,76,91,50
"510",99,100,88,89,100,100,73,86,81,83
"511",50,50,50,50,81,50,43,85,NA,54
"512",100,100,70,100,100,76,100,100,100,65
"513",42,87,74,78,88,36,40,51,47,80
"514",99,100,87,79,92,88,25,100,100,87
"515",99,100,NA,NA,96,82,NA,NA,73,51
"516",50,61,50,62,72,50,36,41,50,29
"517",100,100,62,54,100,100,100,100,100,100
"518",97,99,75,83,73,50,84,100,99,50
"519",91,100,47,57,100,100,79,65,86,78
"520",88,92,94,88,91,82,92,83,78,91
"521",100,100,98,100,100,100,100,99,97,35
"522",95,97,94,91,92,90,56,91,78,NA
"523",91,99,84,22,43,100,74,85,95,NA
"524",77,81,59,62,93,100,40,70,72,35
"525",73,91,84,92,94,92,90,100,89,90
"526",95,100,100,87,55,96,77,87,96,39
"527",81,91,66,59,73,54,53,66,61,67
"528",74,91,68,58,69,59,50,77,72,77
"529",98,100,100,76,100,97,50,97,66,88
"530",50,50,26,50,100,100,28,93,85,90
"531",100,100,100,79,100,100,71,100,100,100
"532",85,100,100,100,100,100,100,100,100,100
"533",100,100,96,99,100,100,88,83,100,100
"534",76,93,100,100,100,100,100,100,100,100
"535",24,100,100,100,100,100,86,100,100,100
"536",100,100,96,100,100,100,100,100,100,100
"537",96,97,93,98,98,96,94,97,97,74
"538",88,81,83,89,97,95,70,86,90,79
"539",100,100,100,100,100,100,100,100,100,100
"540",100,100,99,100,100,100,85,100,100,100
"541",100,100,84,87,100,100,66,85,100,85
"542",100,100,100,100,100,100,87,100,100,100
"543",84,56,100,66,67,78,93,95,63,57
"544",97,97,57,61,79,97,97,94,60,66
"545",74,100,74,75,100,100,50,55,70,50
"546",NA,NA,NA,NA,95,98,NA,98,NA,NA
"547",79,96,75,71,79,87,89,86,71,85
"548",98,100,59,80,100,98,83,91,93,57
"549",90,74,100,100,100,100,99,100,99,100
"550",42,66,46,41,70,43,50,70,68,50
"551",96,96,90,88,100,100,95,100,89,82
"552",84,91,NA,76,82,93,NA,76,64,79
"553",100,100,100,100,100,100,100,100,100,100
"554",98,100,100,100,100,100,91,100,73,79
"555",18,20,74,88,98,87,88,13,30,35
"556",100,100,100,100,100,100,97,100,90,99
"557",87,89,87,88,89,84,78,34,73,89
"558",NA,NA,77,81,63,69,59,100,87,100
"559",99,96,96,98,97,98,53,94,98,56
"560",100,100,89,93,100,100,100,100,100,85
"561",100,100,48,50,50,100,93,93,100,56
"562",100,100,68,77,100,78,66,96,86,27
"563",100,100,100,100,100,100,100,100,35,58
"564",50,50,48,NA,50,NA,NA,50,50,NA
"565",NA,NA,79,83,NA,NA,79,100,NA,NA
"566",86,86,89,85,90,98,85,90,86,64
"567",96,95,90,76,94,92,70,95,87,53
"568",100,100,100,53,100,100,51,59,34,69
"569",100,100,100,100,100,100,50,100,100,82
"570",80,88,80,83,68,91,89,92,86,89
"571",50,53,52,49,80,70,74,82,58,76
"572",92,100,94,100,100,100,39,100,68,52
"573",93,96,80,91,95,73,45,89,61,79
"574",93,87,28,20,88,91,95,93,83,NA
"575",81,69,75,75,68,66,66,67,NA,NA
"576",84,90,74,67,94,91,93,85,87,82
"577",100,100,87,81,100,85,76,85,92,25
"578",92,90,85,85,100,95,33,96,70,72
"579",75,72,90,89,100,70,70,100,70,69
"580",98,99,50,21,67,50,50,96,97,72
"581",71,71,71,70,NA,68,76,77,61,69
"582",100,100,100,100,100,100,72,100,100,61
"583",71,100,83,100,99,100,41,55,100,78
"584",95,89,96,96,100,94,98,100,94,86
"585",100,100,61,61,100,100,74,83,74,68
"586",98,92,19,63,100,78,100,96,65,65
"587",86,51,73,86,95,99,83,70,NA,56
"588",92,88,25,54,95,95,13,84,94,100
"589",100,96,100,100,100,84,23,87,81,92
"590",97,93,80,89,100,96,85,98,98,73
"591",100,100,100,100,100,100,92,97,100,85
"592",100,100,73,78,60,96,100,100,100,56
"593",100,100,89,83,51,100,73,83,85,28
"594",100,100,94,90,100,100,76,99,89,86
"595",100,100,100,100,100,100,100,100,96,89
"596",68,65,63,55,31,50,31,50,52,67
"597",100,100,100,90,100,100,82,100,90,100
"598",71,91,63,76,76,73,70,76,69,40
"599",74,82,45,65,72,100,66,67,71,74
"600",NA,NA,40,57,70,71,NA,NA,2,57
"601",92,96,93,92,100,100,100,100,100,77
"602",100,100,100,100,100,100,97,84,98,95
"603",100,99,55,66,100,100,62,100,75,63
"604",80,87,90,81,96,100,100,100,87,97
"605",100,100,100,99,100,100,80,100,1,56
"606",89,84,85,80,98,NA,57,83,84,81
"607",71,100,90,54,100,100,30,77,100,50
"608",96,97,99,100,100,96,32,95,100,96
"609",77,90,84,82,100,96,31,68,82,59
"610",100,100,100,85,100,87,22,74,100,79
"611",88,62,55,53,56,64,44,53,47,65
"612",85,91,85,78,80,91,1,80,100,77
"613",100,100,100,100,100,100,100,100,100,75
"614",93,95,52,50,100,69,50,61,91,37
"615",99,96,50,50,51,98,NA,99,93,9
"616",50,50,50,50,50,50,51,59,50,50
"617",55,59,81,79,62,57,50,50,54,93
"618",99,100,78,93,100,100,100,99,94,99
"619",100,100,96,100,28,100,100,100,84,69
"620",95,89,81,87,100,100,66,84,67,65
"621",36,44,57,82,92,63,57,42,63,NA
"622",93,100,70,84,100,100,78,95,77,66
"623",79,78,46,54,100,100,58,78,82,55
"624",100,100,81,84,100,100,83,100,100,62
"625",76,95,NA,NA,84,94,65,89,81,85
"626",96,94,100,99,96,96,62,67,98,92
"627",71,69,40,63,80,58,61,67,76,59
"628",100,100,96,100,100,94,93,100,100,94
"629",100,100,75,78,100,100,63,100,95,100
"630",100,100,89,91,100,100,63,100,81,100
"631",98,100,99,96,99,100,83,98,96,96
"632",100,100,100,100,100,100,100,100,100,100
"633",100,100,99,99,100,96,97,100,97,100
"634",91,100,41,49,19,17,69,55,64,20
"635",71,68,95,93,91,93,92,96,62,93
"636",92,92,100,90,NA,NA,NA,NA,NA,NA
"637",57,45,54,57,64,63,47,54,57,59
"638",100,100,86,68,100,61,72,93,98,54
"639",100,100,100,100,100,100,100,100,100,96
"640",100,100,100,100,100,100,100,100,100,100
"641",NA,NA,100,100,NA,NA,NA,NA,NA,NA
"642",100,100,74,87,90,85,100,100,100,87
"643",100,100,71,72,94,100,81,84,62,77
"644",100,100,90,93,45,95,91,100,100,79
"645",99,100,57,82,39,59,39,91,38,82
"646",83,82,81,77,89,75,85,82,74,78
"647",94,100,88,94,100,100,50,100,100,32
"648",97,95,68,81,98,100,60,63,67,24
"649",100,53,1,19,100,28,1,1,1,26
"650",45,48,46,45,56,53,54,47,51,46
"651",1,30,100,100,100,100,58,75,70,69
"652",100,99,64,63,100,100,51,100,92,70
"653",92,93,58,51,84,85,22,95,90,25
"654",100,100,81,89,100,100,100,100,100,59
"655",74,51,50,50,57,54,50,72,68,51
"656",86,97,78,86,88,68,77,90,70,94
"657",100,100,100,88,57,50,74,87,50,19
"658",93,100,64,93,78,88,1,100,48,23
"659",91,94,89,85,93,95,92,93,90,90
"660",76,87,69,74,80,78,81,80,72,68
"661",53,51,61,62,50,NA,100,99,93,47
"662",100,100,82,79,80,71,79,65,100,78
"663",100,77,80,75,84,84,86,87,78,80
"664",93,76,50,73,80,83,57,71,84,50
"665",4,15,3,6,8,10,19,17,1,10
"666",74,89,60,96,91,90,59,61,93,59
"667",22,52,45,42,48,52,49,51,47,42
"668",100,100,100,100,100,100,50,100,99,NA
"669",73,79,38,39,74,79,32,70,81,81
"670",95,78,46,87,91,79,52,97,84,87
"671",94,84,96,95,76,83,88,83,95,79
"672",93,89,82,87,93,90,72,94,87,93
"673",100,100,100,100,100,100,100,100,100,100
"674",100,100,96,66,100,100,50,85,NA,75
"675",100,100,100,100,100,100,100,100,100,100
"676",100,98,98,87,100,100,85,98,82,39
"677",100,100,34,72,88,89,66,100,79,37
"678",79,78,87,91,86,99,65,99,75,42
"679",81,86,53,72,70,75,51,83,39,67
"680",96,100,72,81,85,35,69,79,86,69
"681",93,97,100,81,100,100,100,85,100,100
"682",100,100,100,100,100,100,82,100,100,74
"683",89,80,63,83,100,94,51,62,62,75
"684",NA,NA,82,80,78,35,NA,NA,33,77
"685",50,50,96,50,99,97,95,20,22,50
"686",100,100,63,65,NA,NA,NA,100,85,NA
"687",100,100,57,56,100,82,53,74,92,100
"688",91,81,58,70,90,86,59,78,100,37
"689",100,100,100,100,100,NA,100,100,100,100
"690",51,51,51,51,NA,NA,NA,NA,53,NA
"691",93,95,50,95,93,100,17,98,97,1
"692",1,1,53,53,61,45,1,20,1,54
"693",77,76,76,73,78,87,66,72,69,71
"694",100,100,51,80,100,100,81,100,100,100
"695",99,98,59,59,100,100,70,91,96,100
"696",100,100,93,95,100,100,80,91,100,91
"697",100,100,96,100,95,88,100,100,100,91
"698",50,87,60,78,87,22,50,69,90,50
"699",95,96,100,79,100,100,100,87,72,63
"700",88,89,50,50,62,50,84,79,85,64
"701",69,78,75,50,76,76,50,69,69,70
"702",35,31,47,49,89,74,70,94,40,53
"703",100,100,100,100,100,100,90,100,100,100
"704",81,79,100,100,100,100,83,100,75,64
"705",56,51,66,52,42,55,47,53,55,51
"706",100,99,85,73,93,64,61,92,96,71
"707",50,50,100,100,100,100,100,100,50,100
"708",100,100,79,83,50,50,64,NA,NA,36
"709",89,84,86,87,81,82,53,85,58,51
"710",100,100,100,95,100,100,100,100,100,91
"711",71,86,78,61,67,60,78,71,68,51
"712",97,94,87,81,91,NA,62,77,85,78
"713",84,83,96,90,93,96,98,80,91,75
"714",92,85,89,94,92,50,50,96,88,87
"715",91,92,73,54,94,92,34,79,94,29
"716",100,100,87,90,100,100,99,92,100,99
"717",95,95,96,93,96,97,94,97,88,96
"718",77,78,64,55,77,78,69,67,55,56
"719",5,22,14,33,59,35,81,65,15,14
"720",100,100,100,100,100,100,4,100,100,NA
"721",84,78,68,61,81,77,74,69,86,55
"722",99,100,78,96,99,100,66,99,81,90
"723",90,91,81,93,97,90,80,89,89,67
"724",97,98,100,65,83,100,84,100,100,57
"725",85,87,78,67,63,100,70,67,85,92
"726",1,1,1,1,1,1,1,1,1,3
"727",89,88,88,86,87,81,67,82,73,57
"728",50,51,79,74,50,50,50,50,50,50
"729",95,88,81,99,96,96,54,100,94,82
"730",100,79,66,50,100,100,42,65,61,53
"731",NA,NA,NA,NA,NA,NA,NA,NA,NA,96
"732",81,68,57,61,76,56,74,80,39,70
"733",76,70,58,54,73,61,NA,65,64,NA
"734",97,79,50,74,100,92,50,81,63,50
"735",100,100,100,98,100,100,86,91,88,90
"736",96,95,95,97,53,95,49,99,99,46
"737",100,100,100,100,100,100,100,96,98,98
"738",100,100,100,100,100,100,NA,100,100,100
"739",98,99,71,95,80,92,80,70,80,84
"740",83,78,82,87,63,57,76,79,83,69
"741",81,94,74,NA,100,100,74,92,91,42
"742",79,92,64,61,100,59,60,76,81,72
"743",100,92,96,93,88,98,85,96,82,82
"744",92,95,99,100,100,91,85,82,100,NA
"745",100,100,79,89,95,80,37,88,79,85
"746",54,64,52,58,70,52,46,58,65,57
"747",90,100,100,100,100,100,100,100,100,97
"748",95,88,97,83,100,100,99,98,64,100
"749",73,85,58,93,55,85,13,95,53,66
"750",93,94,88,91,89,89,82,87,60,89
"751",50,50,50,51,50,50,50,50,51,50
"752",88,100,69,69,100,63,30,78,100,62
"753",99,98,97,93,97,98,95,96,100,98
"754",83,100,100,86,92,100,86,100,92,85
"755",60,57,50,50,56,NA,50,50,51,42
"756",92,100,77,72,98,86,36,97,91,45
"757",91,80,77,99,88,83,72,84,87,100
"758",100,100,100,98,100,100,100,100,100,68
"759",100,100,80,78,100,100,32,94,100,42
"760",88,80,61,79,54,94,45,32,83,58
"761",NA,NA,NA,NA,NA,NA,NA,NA,76,NA
"762",100,100,100,100,93,100,100,100,100,100
"763",99,100,39,57,99,100,93,96,87,74
"764",100,100,94,65,100,100,95,100,100,78
"765",50,92,73,74,83,65,52,60,64,69
"766",NA,NA,NA,NA,NA,NA,NA,NA,NA,62
"767",100,100,100,96,100,91,66,96,88,67
"768",NA,NA,66,40,100,100,100,100,NA,64
"769",95,97,75,NA,80,81,34,96,94,NA
"770",100,100,96,100,100,66,100,100,100,NA
"771",100,100,80,85,100,100,53,100,100,60
"772",100,100,100,85,100,91,100,100,64,100
"773",67,79,80,51,83,88,62,53,87,47
"774",59,100,54,78,93,71,44,50,76,42
"775",100,100,100,100,100,100,100,100,100,100
"776",100,100,100,100,100,100,100,100,100,NA
"777",100,100,32,50,86,68,40,66,79,65
"778",50,98,50,50,98,99,50,50,51,50
"779",100,88,NA,NA,100,100,NA,NA,NA,NA
"780",100,100,74,77,86,100,73,71,100,54
"781",100,100,68,50,61,50,77,62,100,50
"782",100,60,80,63,85,75,55,86,66,40
"783",99,100,78,93,96,100,78,95,82,84
"784",94,87,88,86,76,76,100,70,69,95
"785",100,100,100,87,100,62,67,100,100,100
"786",NA,76,40,38,54,61,39,64,50,42
"787",39,41,67,68,72,67,51,67,68,72
"788",40,53,35,42,71,44,34,58,56,26
"789",98,98,98,95,82,100,72,75,87,NA
"790",100,100,88,93,100,100,100,100,96,91
"791",78,82,51,50,84,85,29,57,53,63
"792",50,50,59,82,89,87,49,60,89,50
"793",84,92,73,62,72,83,13,77,59,51
"794",56,57,40,39,64,57,46,55,26,45
"795",100,100,100,100,100,100,76,77,100,71
"796",100,100,46,48,100,100,31,74,86,69
"797",100,100,92,90,100,100,93,100,89,94
"798",51,55,43,46,52,53,100,100,52,45
"799",28,98,52,55,65,81,49,53,54,64
"800",100,100,77,79,100,100,69,72,100,100
"801",100,100,94,97,100,100,59,100,99,71
"802",51,52,52,55,81,46,49,74,100,57
"803",99,94,80,74,100,97,61,82,67,90
"804",61,71,68,60,60,57,60,57,59,54
"805",100,100,100,100,100,100,97,100,100,94
"806",35,29,67,67,41,63,40,63,43,21
"807",100,100,74,91,100,66,100,100,96,100
"808",75,50,50,65,93,70,78,90,76,79
"809",88,100,95,94,93,98,79,75,100,99
"810",100,100,94,87,100,100,95,73,79,90
"811",100,100,100,95,100,100,55,100,86,26
"812",85,75,53,77,90,92,59,73,77,73
"813",62,54,54,65,61,45,61,54,NA,55
"814",100,95,61,75,100,85,100,92,100,50
"815",88,56,78,95,98,95,96,97,86,52
"816",82,62,100,100,100,100,94,98,80,100
"817",50,61,55,50,72,60,76,62,50,68
"818",100,89,71,89,100,100,63,100,57,56
"819",94,90,33,50,66,52,22,81,79,28
"820",96,51,83,82,99,50,81,82,50,50
"821",100,82,100,100,100,100,79,100,94,90
"822",93,70,85,71,60,59,59,50,50,44
"823",80,78,58,48,72,70,75,68,63,65
"824",98,98,85,80,98,76,52,98,89,50
"825",79,94,66,99,99,70,30,91,62,67
"826",85,84,66,63,88,92,79,88,24,57
"827",53,31,32,46,76,59,50,67,52,57
"828",1,1,48,53,62,55,54,NA,30,64
"829",100,100,96,98,92,99,86,80,88,43
"830",75,66,75,75,86,71,37,35,85,69
"831",100,100,69,69,87,100,71,94,99,65
"832",100,100,38,50,98,100,65,100,100,NA
"833",92,91,51,85,51,88,51,70,75,43
"834",81,100,62,69,100,100,100,99,100,100
"835",100,100,100,98,100,100,50,71,100,54
"836",100,100,100,100,100,100,100,100,100,91
"837",77,72,59,63,82,52,75,76,76,74
"838",100,100,33,69,100,100,54,100,100,53
"839",100,100,98,99,99,98,99,100,98,59
"840",88,88,53,38,73,86,27,78,50,56
"841",99,97,37,89,100,100,17,100,100,41
"842",100,99,78,68,100,95,85,68,85,94
"843",98,100,73,84,46,58,80,53,85,29
"844",100,100,93,69,49,51,29,79,93,22
"845",96,81,97,97,97,98,100,94,88,53
"846",82,100,89,100,100,100,100,87,53,54
"847",96,100,88,84,95,100,91,92,86,80
"848",96,99,88,90,100,92,99,99,100,84
"849",100,100,100,48,100,100,100,100,67,82
"850",100,100,66,70,54,87,90,72,NA,100
"851",1,100,100,76,100,100,1,69,97,100
"852",63,64,46,74,64,67,28,76,77,44
"853",100,100,87,81,100,100,24,100,100,25
"854",95,100,74,98,100,100,99,100,99,99
"855",82,72,100,89,83,75,100,100,100,100
"856",71,65,43,54,57,74,58,45,67,51
"857",100,100,100,79,100,100,60,100,75,50
"858",89,92,88,87,91,87,89,89,90,87
"859",89,79,92,90,91,83,75,82,93,82
"860",100,100,88,84,100,58,60,90,100,31
"861",100,100,100,100,100,100,100,100,100,100
"862",72,61,50,73,91,94,91,96,50,83
"863",83,82,100,100,82,77,32,94,93,96
"864",50,70,50,42,64,50,50,50,74,29
"865",95,74,69,92,100,100,100,93,86,56
"866",90,89,88,91,91,89,73,72,89,72
"867",100,100,82,73,94,100,83,100,83,100
"868",87,85,63,62,100,75,57,94,66,21
"869",92,95,58,67,89,94,90,89,70,63
"870",95,95,49,70,51,88,95,92,94,88
"871",100,100,96,99,100,100,90,100,100,93
"872",52,2,1,NA,52,51,NA,1,3,NA
"873",100,100,100,100,100,83,100,100,94,92
"874",90,95,89,72,95,72,88,46,70,59
"875",67,60,78,83,47,40,61,86,61,33
"876",NA,NA,100,100,NA,NA,100,68,100,60
"877",100,96,83,100,100,100,90,100,91,68
"878",99,90,96,93,100,97,98,99,100,82
"879",50,50,6,29,50,29,50,50,50,NA
"880",51,50,88,91,75,58,50,50,50,50
"881",1,1,23,21,31,30,22,27,16,19
"882",50,50,95,NA,99,59,99,99,96,97
"883",57,62,69,57,57,54,67,58,60,57
"884",87,88,79,76,92,84,83,83,85,90
"885",100,100,100,100,100,100,100,100,100,100
"886",26,46,27,37,55,34,32,87,94,8
"887",49,69,70,85,89,55,59,92,51,52
"888",100,100,99,99,86,96,87,100,100,99
"889",62,62,75,71,78,79,65,56,67,71
"890",82,91,54,92,96,94,93,93,64,92
"891",100,100,100,100,100,100,100,100,100,100
"892",95,100,96,97,98,97,91,97,91,93
"893",100,100,100,98,100,100,100,100,100,100
"894",100,100,68,76,100,92,100,100,100,70
"895",100,100,100,100,100,100,100,100,100,100
"896",91,78,29,39,98,98,50,64,56,39
"897",35,30,33,34,33,31,50,50,28,34
"898",100,100,100,100,100,100,100,100,100,100
"899",100,100,100,100,100,100,100,100,100,100
"900",92,78,91,82,98,82,62,60,87,50
"901",55,59,50,50,65,50,44,50,73,50
"902",100,100,93,92,100,90,100,100,100,92
"903",97,95,76,75,98,98,70,93,87,76
"904",90,97,92,93,81,60,88,92,97,89
"905",70,51,51,50,74,82,50,50,49,50
"906",59,3,1,49,NA,NA,34,61,NA,32
"907",100,100,100,100,100,100,100,100,92,100
"908",75,67,74,59,59,76,74,85,69,94
"909",100,100,100,100,100,100,100,100,100,100
"910",100,100,88,100,100,100,59,100,93,100
"911",96,96,94,85,91,49,87,68,91,55
"912",100,100,100,88,100,100,92,100,100,89
"913",91,90,81,89,55,86,59,85,88,72
"914",73,68,71,81,64,72,65,65,64,73
"915",100,99,99,100,100,NA,100,100,100,100
"916",98,95,92,100,100,97,97,95,96,96
"917",50,54,74,62,84,50,70,83,51,82
"918",61,68,64,50,76,63,66,66,50,50
"919",99,100,100,100,100,96,79,79,81,72
"920",100,100,78,70,100,91,52,100,100,75
"921",61,83,86,60,79,63,43,100,50,60
"922",97,79,96,98,100,93,100,89,93,79
"923",61,61,54,55,65,57,54,71,57,56
"924",100,100,56,63,69,NA,99,100,100,86
"925",91,96,69,50,94,65,50,96,50,50
"926",100,100,100,100,100,100,100,99,100,100
"927",62,68,58,57,64,58,38,62,64,67
"928",98,100,100,99,100,100,100,100,100,99
"929",75,69,70,68,NA,NA,67,70,52,NA
"930",83,100,100,100,100,100,84,92,100,100
"931",100,100,100,100,100,100,76,100,100,100
"932",90,90,62,54,56,53,57,68,54,55
"933",100,100,99,100,100,100,100,100,99,100
"934",94,74,100,97,99,100,67,93,71,72
"935",3,4,3,3,21,4,4,1,3,2
"936",86,79,83,83,83,74,50,74,86,74
"937",84,87,80,83,81,86,84,84,80,83
"938",100,100,90,84,100,88,80,98,100,81
"939",100,100,92,100,100,100,93,100,100,100
"940",100,100,100,100,100,100,100,100,100,100
"941",65,55,51,55,50,50,39,54,51,47
"942",56,49,42,39,52,53,49,46,47,56
"943",60,100,38,45,58,67,73,94,79,69
"944",20,24,20,NA,NA,3,NA,NA,NA,13
"945",75,82,91,88,88,77,85,84,84,80
"946",96,91,90,49,92,89,78,67,51,32
"947",91,95,99,99,100,99,25,99,99,100
"948",100,100,100,87,84,92,100,62,97,75
"949",100,100,100,100,100,100,100,100,100,100
"950",97,99,99,97,100,98,97,93,87,100
"951",100,100,97,96,93,81,59,100,92,100
"952",100,100,99,100,98,100,100,95,94,100
"953",52,53,74,73,19,75,94,75,74,53
"954",87,59,74,55,84,67,77,80,60,46
"955",80,66,73,62,36,62,61,60,61,63
"956",80,72,57,57,69,55,58,58,57,57
"957",100,98,97,98,97,94,96,98,96,90
"958",92,89,80,87,94,87,63,78,83,85
"959",87,82,74,74,80,67,62,65,56,99
"960",84,68,58,70,60,64,55,62,65,59
"961",80,83,71,74,62,74,71,66,74,82
"962",65,73,93,67,76,100,95,77,56,82
"963",100,100,100,100,100,99,100,100,100,100
"964",100,100,100,100,100,100,100,100,100,100
"965",100,93,97,100,63,90,100,100,100,95
"966",97,96,64,67,97,94,24,61,66,64
"967",100,100,87,69,100,100,100,100,88,91
"968",100,100,95,90,96,100,76,91,97,71
"969",83,82,56,56,77,70,57,77,90,69
"970",56,54,57,54,53,46,52,53,22,39
"971",93,81,46,39,75,28,92,90,95,81
"972",87,79,83,73,100,100,92,100,90,46
"973",NA,65,NA,NA,NA,NA,NA,NA,NA,17
"974",100,100,100,100,100,95,89,94,93,62
"975",100,91,97,100,98,94,91,96,98,100
"976",99,97,97,89,100,92,100,100,97,91
"977",100,100,82,34,100,80,63,84,97,37
"978",95,96,92,95,100,75,92,94,88,92
"979",98,98,94,97,98,96,89,97,93,92
"980",91,84,14,28,95,29,59,41,58,73
"981",100,100,100,100,100,100,82,100,100,88
"982",98,98,89,99,99,98,94,98,99,97
"983",77,62,65,59,58,NA,67,74,60,77
"984",100,100,96,86,100,100,95,98,83,86
"985",99,98,100,100,100,100,87,100,100,95
"986",61,38,64,42,44,63,63,47,62,40
"987",NA,NA,81,73,51,64,79,NA,79,NA
"988",55,60,62,57,59,57,58,64,59,60
"989",100,100,100,100,100,100,100,100,100,100
"990",82,63,65,62,72,64,61,66,50,58
"991",52,51,63,58,55,55,68,60,57,57
"992",87,59,54,54,57,54,2,86,100,51
"993",75,80,78,72,91,92,38,60,59,53
"994",100,100,99,97,100,100,98,100,100,94
"995",98,100,100,100,100,100,100,100,96,99
"996",96,80,78,100,100,90,55,100,76,83
"997",100,100,44,100,82,99,35,100,99,86
"998",97,86,83,81,79,75,77,90,65,57
"999",96,98,100,82,100,100,100,98,74,100
"1000",NA,82,73,75,72,NA,79,77,NA,83
"1001",NA,NA,NA,NA,NA,NA,NA,NA,NA,2
"1002",100,100,100,98,100,100,100,100,99,100
"1003",61,53,76,60,100,100,10,71,89,31
"1004",100,100,100,100,100,100,100,100,100,100
"1005",94,96,67,66,92,88,68,69,89,60
"1006",71,65,82,58,87,72,60,58,50,50
"1007",100,100,100,100,100,100,100,100,100,100
"1008",98,96,96,96,97,93,94,96,90,95
"1009",69,76,59,76,85,61,79,84,88,81
"1010",100,100,100,100,100,100,100,100,100,100
"1011",100,100,100,100,100,100,75,100,100,100
"1012",97,92,69,75,99,88,100,85,98,100
"1013",100,91,80,86,84,100,51,100,100,100
"1014",100,100,100,98,99,71,98,100,97,51
"1015",100,100,94,94,100,97,91,100,100,100
"1016",100,100,92,76,100,96,62,100,99,100
"1017",99,98,100,100,100,97,97,97,NA,97
"1018",99,100,100,99,100,100,100,100,100,99
"1019",88,87,88,85,81,82,89,86,67,80
"1020",NA,NA,86,79,95,93,73,66,92,82
"1021",96,91,85,90,72,93,86,91,92,50
"1022",NA,NA,50,50,NA,NA,50,50,50,50
"1023",100,87,99,100,93,85,96,94,97,92
"1024",78,94,94,75,82,62,95,100,100,100
"1025",100,100,100,100,100,100,50,100,78,100
"1026",100,99,98,100,96,100,99,89,100,98
"1027",48,62,54,55,72,64,52,59,53,56
"1028",100,100,50,100,100,100,100,100,50,50
"1029",100,82,78,62,64,75,79,73,71,46
"1030",90,87,58,84,86,69,80,86,70,70
"1031",93,100,78,81,89,89,88,81,63,63
"1032",100,100,50,50,100,52,100,100,51,50
"1033",51,51,28,51,58,50,25,43,51,51
"1034",100,100,94,100,100,100,91,82,100,80
"1035",100,100,100,NA,100,100,100,100,100,52
"1036",100,100,99,90,100,95,98,99,83,92
"1037",98,98,97,94,98,99,98,NA,90,77
"1038",63,68,15,25,65,36,9,37,61,27
"1039",100,100,39,100,81,98,100,100,99,92
"1040",93,29,97,98,93,93,99,99,89,96
"1041",83,100,100,94,100,100,53,100,100,51
"1042",41,31,25,27,63,17,35,18,45,20
"1043",52,1,1,35,51,41,34,38,20,53
"1044",50,50,50,50,54,50,60,50,50,50
"1045",98,98,96,87,98,97,99,97,98,89
"1046",NA,NA,NA,NA,NA,NA,NA,NA,NA,NA
"1047",85,40,41,58,86,NA,50,40,65,NA
"1048",50,50,50,50,50,50,47,50,50,50
"1049",100,100,100,100,50,50,78,90,50,50
"1050",100,100,92,100,100,89,88,100,97,88
"1051",100,89,77,86,68,62,66,92,40,65
"1052",96,96,93,87,97,91,97,99,97,88
"1053",94,89,82,64,93,50,50,51,50,50
"1054",50,50,73,67,100,50,54,75,52,52
"1055",97,100,97,94,97,91,90,93,96,94
"1056",99,99,100,100,100,99,96,99,100,100
"1057",100,100,84,NA,98,58,100,58,97,94
"1058",99,98,75,99,100,100,100,99,99,100
"1059",50,45,43,45,43,44,50,44,43,42
"1060",99,100,51,97,100,100,100,100,100,96
"1061",100,100,100,100,100,100,100,100,100,100
"1062",100,100,100,89,100,100,100,100,100,100
"1063",92,92,82,83,81,81,60,67,85,74
"1064",98,88,95,67,100,82,84,96,94,94
"1065",100,100,96,95,100,100,100,100,98,99
